98001,US/Pacific
98002,US/Pacific
98003,US/Pacific
98004,US/Pacific
98005,US/Pacific
98006,US/Pacific
98007,US/Pacific
98008,US/Pacific
98010,US/Pacific
98011,US/Pacific
98012,US/Pacific
98014,US/Pacific
98019,US/Pacific
98020,US/Pacific
98021,US/Pacific
98022,US/Pacific
98023,US/Pacific
98024,US/Pacific
98025,US/Pacific
98026,US/Pacific
98027,US/Pacific
98028,US/Pacific
98029,US/Pacific
98030,US/Pacific
98031,US/Pacific
98032,US/Pacific
98033,US/Pacific
98034,US/Pacific
98036,US/Pacific
98037,US/Pacific
98038,US/Pacific
98039,US/Pacific
98040,US/Pacific
98042,US/Pacific
98043,US/Pacific
98045,US/Pacific
98047,US/Pacific
98050,US/Pacific
98051,US/Pacific
98052,US/Pacific
98053,US/Pacific
98055,US/Pacific
98056,US/Pacific
98057,US/Pacific
98058,US/Pacific
98059,US/Pacific
98065,US/Pacific
98068,US/Pacific
98070,US/Pacific
98072,US/Pacific
98074,US/Pacific
98075,US/Pacific
98077,US/Pacific
98087,US/Pacific
98092,US/Pacific
98101,US/Pacific
98102,US/Pacific
98103,US/Pacific
98104,US/Pacific
98105,US/Pacific
98106,US/Pacific
98107,US/Pacific
98108,US/Pacific
98109,US/Pacific
98110,US/Pacific
98112,US/Pacific
98115,US/Pacific
98116,US/Pacific
98117,US/Pacific
98118,US/Pacific
98119,US/Pacific
98121,US/Pacific
98122,US/Pacific
98125,US/Pacific
98126,US/Pacific
98133,US/Pacific
98134,US/Pacific
98136,US/Pacific
98144,US/Pacific
98146,US/Pacific
98148,US/Pacific
98154,US/Pacific
98155,US/Pacific
98158,US/Pacific
98164,US/Pacific
98166,US/Pacific
98168,US/Pacific
98174,US/Pacific
98177,US/Pacific
98178,US/Pacific
98188,US/Pacific
98195,US/Pacific
98198,US/Pacific
98199,US/Pacific
98201,US/Pacific
98203,US/Pacific
98204,US/Pacific
98207,US/Pacific
98208,US/Pacific
98220,US/Pacific
98221,US/Pacific
98222,US/Pacific
98223,US/Pacific
98224,US/Pacific
98225,US/Pacific
98226,US/Pacific
98229,US/Pacific
98230,US/Pacific
98232,US/Pacific
98233,US/Pacific
98235,US/Pacific
98236,US/Pacific
98237,US/Pacific
98238,US/Pacific
98239,US/Pacific
98240,US/Pacific
98241,US/Pacific
98243,US/Pacific
98244,US/Pacific
98245,US/Pacific
98247,US/Pacific
98248,US/Pacific
98249,US/Pacific
98250,US/Pacific
98251,US/Pacific
98252,US/Pacific
98253,US/Pacific
98255,US/Pacific
98256,US/Pacific
98257,US/Pacific
98258,US/Pacific
98260,US/Pacific
98261,US/Pacific
98262,US/Pacific
98263,US/Pacific
98264,US/Pacific
98266,US/Pacific
98267,US/Pacific
98270,US/Pacific
98271,US/Pacific
98272,US/Pacific
98273,US/Pacific
98274,US/Pacific
98275,US/Pacific
98276,US/Pacific
98277,US/Pacific
98278,US/Pacific
98279,US/Pacific
98280,US/Pacific
98281,US/Pacific
98282,US/Pacific
98283,US/Pacific
98284,US/Pacific
98286,US/Pacific
98288,US/Pacific
98290,US/Pacific
98292,US/Pacific
98294,US/Pacific
98295,US/Pacific
98296,US/Pacific
98297,US/Pacific
98303,US/Pacific
98304,US/Pacific
98305,US/Pacific
98310,US/Pacific
98311,US/Pacific
98312,US/Pacific
98314,US/Pacific
98315,US/Pacific
98320,US/Pacific
98321,US/Pacific
98323,US/Pacific
98325,US/Pacific
98326,US/Pacific
98327,US/Pacific
98328,US/Pacific
98329,US/Pacific
98330,US/Pacific
98331,US/Pacific
98332,US/Pacific
98333,US/Pacific
98335,US/Pacific
98336,US/Pacific
98337,US/Pacific
98338,US/Pacific
98339,US/Pacific
98340,US/Pacific
98342,US/Pacific
98345,US/Pacific
98346,US/Pacific
98349,US/Pacific
98350,US/Pacific
98351,US/Pacific
98353,US/Pacific
98354,US/Pacific
98355,US/Pacific
98356,US/Pacific
98357,US/Pacific
98358,US/Pacific
98359,US/Pacific
98360,US/Pacific
98361,US/Pacific
98362,US/Pacific
98363,US/Pacific
98364,US/Pacific
98365,US/Pacific
98366,US/Pacific
98367,US/Pacific
98368,US/Pacific
98370,US/Pacific
98371,US/Pacific
98372,US/Pacific
98373,US/Pacific
98374,US/Pacific
98375,US/Pacific
98376,US/Pacific
98377,US/Pacific
98380,US/Pacific
98381,US/Pacific
98382,US/Pacific
98383,US/Pacific
98385,US/Pacific
98387,US/Pacific
98388,US/Pacific
98390,US/Pacific
98391,US/Pacific
98392,US/Pacific
98394,US/Pacific
98396,US/Pacific
98402,US/Pacific
98403,US/Pacific
98404,US/Pacific
98405,US/Pacific
98406,US/Pacific
98407,US/Pacific
98408,US/Pacific
98409,US/Pacific
98416,US/Pacific
98418,US/Pacific
98421,US/Pacific
98422,US/Pacific
98424,US/Pacific
98430,US/Pacific
98433,US/Pacific
98438,US/Pacific
98439,US/Pacific
98443,US/Pacific
98444,US/Pacific
98445,US/Pacific
98446,US/Pacific
98447,US/Pacific
98465,US/Pacific
98466,US/Pacific
98467,US/Pacific
98498,US/Pacific
98499,US/Pacific
98501,US/Pacific
98502,US/Pacific
98503,US/Pacific
98505,US/Pacific
98506,US/Pacific
98512,US/Pacific
98513,US/Pacific
98516,US/Pacific
98520,US/Pacific
98524,US/Pacific
98526,US/Pacific
98527,US/Pacific
98528,US/Pacific
98530,US/Pacific
98531,US/Pacific
98532,US/Pacific
98533,US/Pacific
98535,US/Pacific
98536,US/Pacific
98537,US/Pacific
98538,US/Pacific
98539,US/Pacific
98541,US/Pacific
98542,US/Pacific
98544,US/Pacific
98546,US/Pacific
98547,US/Pacific
98548,US/Pacific
98550,US/Pacific
98552,US/Pacific
98555,US/Pacific
98556,US/Pacific
98557,US/Pacific
98558,US/Pacific
98559,US/Pacific
98560,US/Pacific
98562,US/Pacific
98563,US/Pacific
98564,US/Pacific
98565,US/Pacific
98566,US/Pacific
98568,US/Pacific
98569,US/Pacific
98570,US/Pacific
98571,US/Pacific
98572,US/Pacific
98575,US/Pacific
98576,US/Pacific
98577,US/Pacific
98579,US/Pacific
98580,US/Pacific
98581,US/Pacific
98582,US/Pacific
98583,US/Pacific
98584,US/Pacific
98585,US/Pacific
98586,US/Pacific
98587,US/Pacific
98588,US/Pacific
98589,US/Pacific
98590,US/Pacific
98591,US/Pacific
98592,US/Pacific
98593,US/Pacific
98595,US/Pacific
98596,US/Pacific
98597,US/Pacific
98601,US/Pacific
98602,US/Pacific
98603,US/Pacific
98604,US/Pacific
98605,US/Pacific
98606,US/Pacific
98607,US/Pacific
98609,US/Pacific
98610,US/Pacific
98611,US/Pacific
98612,US/Pacific
98613,US/Pacific
98614,US/Pacific
98616,US/Pacific
98617,US/Pacific
98619,US/Pacific
98620,US/Pacific
98621,US/Pacific
98623,US/Pacific
98624,US/Pacific
98625,US/Pacific
98626,US/Pacific
98628,US/Pacific
98629,US/Pacific
98631,US/Pacific
98632,US/Pacific
98635,US/Pacific
98638,US/Pacific
98639,US/Pacific
98640,US/Pacific
98641,US/Pacific
98642,US/Pacific
98643,US/Pacific
98644,US/Pacific
98645,US/Pacific
98647,US/Pacific
98648,US/Pacific
98649,US/Pacific
98650,US/Pacific
98651,US/Pacific
98660,US/Pacific
98661,US/Pacific
98662,US/Pacific
98663,US/Pacific
98664,US/Pacific
98665,US/Pacific
98670,US/Pacific
98671,US/Pacific
98672,US/Pacific
98673,US/Pacific
98674,US/Pacific
98675,US/Pacific
98682,US/Pacific
98683,US/Pacific
98684,US/Pacific
98685,US/Pacific
98686,US/Pacific
98801,US/Pacific
98802,US/Pacific
98811,US/Pacific
98812,US/Pacific
98813,US/Pacific
98814,US/Pacific
98815,US/Pacific
98816,US/Pacific
98817,US/Pacific
98819,US/Pacific
98821,US/Pacific
98822,US/Pacific
98823,US/Pacific
98824,US/Pacific
98826,US/Pacific
98827,US/Pacific
98828,US/Pacific
98829,US/Pacific
98830,US/Pacific
98831,US/Pacific
98832,US/Pacific
98833,US/Pacific
98834,US/Pacific
98836,US/Pacific
98837,US/Pacific
98840,US/Pacific
98841,US/Pacific
98843,US/Pacific
98844,US/Pacific
98845,US/Pacific
98846,US/Pacific
98847,US/Pacific
98848,US/Pacific
98849,US/Pacific
98850,US/Pacific
98851,US/Pacific
98852,US/Pacific
98853,US/Pacific
98855,US/Pacific
98856,US/Pacific
98857,US/Pacific
98858,US/Pacific
98859,US/Pacific
98860,US/Pacific
98862,US/Pacific
98901,US/Pacific
98902,US/Pacific
98903,US/Pacific
98908,US/Pacific
98921,US/Pacific
98922,US/Pacific
98923,US/Pacific
98925,US/Pacific
98926,US/Pacific
98930,US/Pacific
98932,US/Pacific
98933,US/Pacific
98934,US/Pacific
98935,US/Pacific
98936,US/Pacific
98937,US/Pacific
98938,US/Pacific
98939,US/Pacific
98940,US/Pacific
98941,US/Pacific
98942,US/Pacific
98943,US/Pacific
98944,US/Pacific
98946,US/Pacific
98947,US/Pacific
98948,US/Pacific
98950,US/Pacific
98951,US/Pacific
98952,US/Pacific
98953,US/Pacific
99001,US/Pacific
99003,US/Pacific
99004,US/Pacific
99005,US/Pacific
99006,US/Pacific
99008,US/Pacific
99009,US/Pacific
99011,US/Pacific
99012,US/Pacific
99013,US/Pacific
99014,US/Pacific
99016,US/Pacific
99017,US/Pacific
99018,US/Pacific
99019,US/Pacific
99020,US/Pacific
99021,US/Pacific
99022,US/Pacific
99023,US/Pacific
99025,US/Pacific
99026,US/Pacific
99027,US/Pacific
99029,US/Pacific
99030,US/Pacific
99031,US/Pacific
99032,US/Pacific
99033,US/Pacific
99034,US/Pacific
99036,US/Pacific
99037,US/Pacific
99039,US/Pacific
99040,US/Pacific
99101,US/Pacific
99102,US/Pacific
99103,US/Pacific
99105,US/Pacific
99109,US/Pacific
99110,US/Pacific
99111,US/Pacific
99113,US/Pacific
99114,US/Pacific
99115,US/Pacific
99116,US/Pacific
99117,US/Pacific
99118,US/Pacific
99119,US/Pacific
99121,US/Pacific
99122,US/Pacific
99123,US/Pacific
99124,US/Pacific
99125,US/Pacific
99126,US/Pacific
99128,US/Pacific
99129,US/Pacific
99130,US/Pacific
99131,US/Pacific
99133,US/Pacific
99134,US/Pacific
99135,US/Pacific
99136,US/Pacific
99137,US/Pacific
99138,US/Pacific
99139,US/Pacific
99140,US/Pacific
99141,US/Pacific
99143,US/Pacific
99144,US/Pacific
99146,US/Pacific
99147,US/Pacific
99148,US/Pacific
99149,US/Pacific
99150,US/Pacific
99151,US/Pacific
99152,US/Pacific
99153,US/Pacific
99154,US/Pacific
99155,US/Pacific
99156,US/Pacific
99157,US/Pacific
99158,US/Pacific
99159,US/Pacific
99160,US/Pacific
99161,US/Pacific
99163,US/Pacific
99166,US/Pacific
99167,US/Pacific
99169,US/Pacific
99170,US/Pacific
99171,US/Pacific
99173,US/Pacific
99174,US/Pacific
99176,US/Pacific
99179,US/Pacific
99180,US/Pacific
99181,US/Pacific
99185,US/Pacific
99201,US/Pacific
99202,US/Pacific
99203,US/Pacific
99204,US/Pacific
99205,US/Pacific
99206,US/Pacific
99207,US/Pacific
99208,US/Pacific
99212,US/Pacific
99216,US/Pacific
99217,US/Pacific
99218,US/Pacific
99223,US/Pacific
99224,US/Pacific
99251,US/Pacific
99258,US/Pacific
99301,US/Pacific
99320,US/Pacific
99321,US/Pacific
99322,US/Pacific
99323,US/Pacific
99324,US/Pacific
99326,US/Pacific
99328,US/Pacific
99329,US/Pacific
99330,US/Pacific
99333,US/Pacific
99335,US/Pacific
99336,US/Pacific
99337,US/Pacific
99338,US/Pacific
99341,US/Pacific
99343,US/Pacific
99344,US/Pacific
99345,US/Pacific
99346,US/Pacific
99347,US/Pacific
99348,US/Pacific
99349,US/Pacific
99350,US/Pacific
99352,US/Pacific
99353,US/Pacific
99354,US/Pacific
99356,US/Pacific
99357,US/Pacific
99359,US/Pacific
99360,US/Pacific
99361,US/Pacific
99362,US/Pacific
99363,US/Pacific
99371,US/Pacific
99401,US/Pacific
99402,US/Pacific
99403,US/Pacific
